Employee_id,Employee_name,Employee_Designation,Basic_Salary
EM260001,Kavya Gupta,HR,60203
EM260002,Atharv Iyer,Developer,86978
EM260003,John Gupta,Intern,24683
EM260004,Ayaan Miller,HR,55199
EM260005,Swati Jain,Junior Developer,53499
EM260006,Sai Malhotra,Senior Manager,107140
EM260007,Aarohi Miller,Analyst,76613
EM260008,Riya Jain,Developer,94528
EM260009,John Shah,HR,50033
EM260010,Vivaan Sharma,Junior Developer,55953
EM260011,Vihaan Nair,HR,68015
EM260012,Vivaan Davis,Junior Developer,52386
EM260013,Reyansh Malhotra,Intern,16416
EM260014,Neha Bansal,Analyst,66783
EM260015,Diya Davis,Intern,16640
EM260016,Diya Gupta,HR,65948
EM260017,Avni Nair,Manager,86628
EM260018,Neha Williams,Intern,17030
EM260019,Diya Sharma,Analyst,72718
EM260020,Aarav Johnson,Intern,15413
EM260021,Ananya Nair,Engineer,69045
EM260022,Aditya Reddy,Junior Developer,53871
EM260023,Aarohi Smith,Manager,92419
EM260024,Reyansh Rao,HR,64694
EM260025,Kavya Smith,Junior Developer,47863
EM260026,Khushi Jain,Developer,96722
EM260027,Vihaan Garcia,Analyst,63094
EM260028,Jessica Johnson,Manager,93681
EM260029,Vihaan Das,Junior Developer,52672
EM260030,Aarohi Patel,Developer,99459
EM260031,Kabir Bansal,Developer,70359
EM260032,Neha Nair,Senior Manager,131200
EM260033,Ishaan Brown,Intern,19470
EM260034,Emily Jones,Engineer,89987
EM260035,Jessica Iyer,HR,57398
EM260036,Vivaan Johnson,Analyst,61733
EM260037,Kabir Patel,Manager,102940
EM260038,Sneha Gupta,Intern,18587
EM260039,Vivaan Iyer,Engineer,65429
EM260040,Kabir Jain,Intern,15427
EM260041,Michael Gupta,Intern,15214
EM260042,Ishaan Brown,Developer,90335
EM260043,Riya Jones,Engineer,82427
EM260044,Kavya Brown,Developer,73834
EM260045,Kabir Johnson,Engineer,67635
EM260046,Avni Bansal,Analyst,55825
EM260047,Sneha Brown,Senior Manager,112091
EM260048,Daniel Johnson,Analyst,71455
EM260049,Emily Brown,Engineer,75458
EM260050,Krishna Malhotra,Junior Developer,49385
EM260051,Arjun Agarwal,Manager,93207
EM260052,Ishaan Rao,Engineer,78212
EM260053,David Nair,HR,66249
EM260054,Jessica Smith,Junior Developer,50041
EM260055,Aarohi Garcia,Analyst,64079
EM260056,Khushi Brown,Developer,96247
EM260057,David Miller,Manager,108404
EM260058,Kabir Malhotra,Junior Developer,53808
EM260059,Chris Sharma,HR,68277
EM260060,Neha Sharma,Junior Developer,55659
EM260061,Swati Smith,Junior Developer,51258
EM260062,Priya Johnson,Engineer,93407
EM260063,Swati Brown,Analyst,75623
EM260064,Atharv Verma,Senior Manager,122721
EM260065,Aditya Brown,Analyst,75789
EM260066,Aarav Menon,Intern,15979
EM260067,Laura Miller,Developer,97617
EM260068,Aarav Johnson,Intern,23405
EM260069,Swati Shah,Senior Manager,104585
EM260070,Swati Bansal,Senior Manager,148492
EM260071,Roshni Bose,Junior Developer,48380
EM260072,Sneha Miller,HR,73052
EM260073,Vivaan Nair,Developer,87817
EM260074,Dhruv Reddy,Analyst,78103
EM260075,Kabir Menon,Junior Developer,55346
EM260076,Riya Jain,Senior Manager,116922
EM260077,Ritvik Sharma,Senior Manager,116350
EM260078,Michael Reddy,Junior Developer,46189
EM260079,Chris Sharma,Intern,22606
EM260080,Aarav Verma,Manager,107151
EM260081,Khushi Sharma,Intern,18857
EM260082,Reyansh Gupta,Developer,88374
EM260083,Daniel Davis,Analyst,78100
EM260084,Sanya Singh,Junior Developer,55655
EM260085,David Nair,HR,54711
EM260086,Isha Davis,Manager,90573
EM260087,David Jain,Intern,15215
EM260088,David Singh,Engineer,65507
EM260089,Emily Kumar,Intern,19704
EM260090,Swati Davis,Analyst,66925
EM260091,Swati Malhotra,Developer,80222
EM260092,Diya Bansal,Analyst,66424
EM260093,Aarav Reddy,Analyst,77171
EM260094,Emily Menon,Engineer,72692
EM260095,Ayaan Miller,Developer,93435
EM260096,Ishaan Singh,Senior Manager,101817
EM260097,Daniel Bose,Junior Developer,45486
EM260098,Atharv Nair,Developer,70360
EM260099,Ritvik Gupta,Intern,18220
EM260100,Laura Reddy,Senior Manager,103503
EM260101,Dhruv Iyer,Senior Manager,136128
EM260102,Sarah Iyer,Developer,71370
EM260103,Ayaan Menon,Developer,73193
EM260104,Roshni Iyer,Analyst,67354
EM260105,Khushi Williams,Junior Developer,53671
EM260106,Roshni Johnson,Senior Manager,127012
EM260107,Priya Reddy,Intern,20043
EM260108,Ayaan Rao,Junior Developer,52669
EM260109,Krishna Bose,Analyst,55504
EM260110,Diya Rao,Analyst,65927
EM260111,Jessica Jones,Junior Developer,51332
EM260112,Jessica Nair,Analyst,61963
EM260113,Arjun Sharma,Intern,21861
EM260114,Ritvik Menon,Developer,89776
EM260115,Chris Davis,Senior Manager,143188
EM260116,Kavya Kumar,Developer,78157
EM260117,Swati Das,Senior Manager,128438
EM260118,Neha Malhotra,Senior Manager,125594
EM260119,Reyansh Reddy,Intern,23363
EM260120,Vihaan Malhotra,Engineer,84548
EM260121,Ritvik Rao,Developer,83021
EM260122,Laura Kumar,Senior Manager,141828
EM260123,Swati Davis,Engineer,89376
EM260124,Kavya Iyer,Junior Developer,59888
EM260125,Kavya Bose,Engineer,66997
EM260126,Aditya Sharma,Manager,98136
EM260127,Aditya Das,Intern,15647
EM260128,Laura Nair,Analyst,71678
EM260129,Michael Menon,Senior Manager,116335
EM260130,Riya Bose,HR,69265
EM260131,Shaurya Kumar,Junior Developer,52544
EM260132,Ritvik Rao,Manager,91099
EM260133,Vivaan Jones,Intern,22583
EM260134,John Kumar,Manager,86471
EM260135,Emily Malhotra,Junior Developer,50968
EM260136,Aditya Sharma,Junior Developer,58145
EM260137,Kavya Verma,Developer,87115
EM260138,Diya Gupta,HR,68026
EM260139,Avni Smith,Manager,98882
EM260140,Daniel Williams,Developer,84128
EM260141,Isha Garcia,Engineer,92655
EM260142,Shaurya Sharma,Developer,96024
EM260143,Shaurya Kumar,Intern,20311
EM260144,Ishaan Brown,Engineer,80857
EM260145,Diya Patel,Developer,74860
EM260146,Neha Kumar,Manager,104280
EM260147,Jessica Miller,Developer,97873
EM260148,Aanya Brown,Junior Developer,54296
EM260149,Priya Shah,Senior Manager,138340
EM260150,Neha Verma,Intern,22473
EM260151,Aarohi Rao,Senior Manager,114564
EM260152,Priya Miller,HR,55959
EM260153,Sanya Verma,Intern,21241
EM260154,Priya Patel,Analyst,62791
EM260155,Emily Shah,Junior Developer,55256
EM260156,John Shah,Manager,109210
EM260157,Roshni Johnson,Senior Manager,119954
EM260158,Sneha Williams,Manager,95652
EM260159,Ishaan Verma,Intern,17531
EM260160,Kabir Reddy,Junior Developer,49628
EM260161,Sai Smith,Engineer,84054
EM260162,Vivaan Garcia,HR,69693
EM260163,Vivaan Verma,Manager,107861
EM260164,Dhruv Sharma,Analyst,66601
EM260165,Diya Malhotra,Manager,87711
EM260166,Atharv Johnson,Intern,21550
EM260167,Emily Smith,Analyst,60086
EM260168,Roshni Davis,HR,70048
EM260169,Vivaan Smith,Engineer,89093
EM260170,Sarah Garcia,Junior Developer,53067
EM260171,Jessica Brown,Intern,18687
EM260172,Dhruv Rao,Analyst,71952
EM260173,Laura Davis,Senior Manager,139429
EM260174,Kavya Sharma,Junior Developer,52894
EM260175,Ritvik Bose,Analyst,55396
EM260176,Ishaan Brown,Junior Developer,54832
EM260177,Laura Williams,Analyst,64732
EM260178,Kabir Sharma,Intern,23430
EM260179,Michael Miller,Manager,85255
EM260180,Avni Davis,Junior Developer,49864
EM260181,Laura Johnson,Manager,88435
EM260182,Swati Malhotra,Junior Developer,52391
EM260183,Sneha Gupta,HR,68713
EM260184,Vihaan Johnson,HR,70002
EM260185,John Reddy,Senior Manager,125792
EM260186,Aarohi Verma,Developer,82115
EM260187,Swati Gupta,Junior Developer,48293
EM260188,Shaurya Jain,Engineer,86960
EM260189,Kabir Jain,Junior Developer,49190
EM260190,Jane Smith,Senior Manager,107684
EM260191,Ayaan Jones,Intern,21432
EM260192,Sarah Smith,HR,65959
EM260193,Jane Jones,Developer,84540
EM260194,Kabir Shah,Intern,19224
EM260195,Arjun Gupta,Junior Developer,59703
EM260196,Aanya Miller,Senior Manager,111617
EM260197,Reyansh Patel,Senior Manager,133274
EM260198,Neha Menon,Junior Developer,51981
EM260199,Aditya Iyer,Developer,76986
EM260200,Neha Bansal,Manager,101677
EM260201,David Davis,Analyst,66035
EM260202,Jane Malhotra,Developer,95439
EM260203,Jane Nair,Analyst,60685
EM260204,Michael Verma,HR,74057
EM260205,Reyansh Brown,Senior Manager,139759
EM260206,Ayaan Nair,HR,73835
EM260207,Isha Bose,Senior Manager,138476
EM260208,Atharv Patel,Engineer,83800
EM260209,Sarah Bose,Senior Manager,113818
EM260210,Reyansh Miller,Analyst,68583
EM260211,Arjun Jones,Engineer,77647
EM260212,Arjun Nair,Junior Developer,59745
EM260213,Aditya Smith,Engineer,93718
EM260214,Aarohi Bansal,Developer,75405
EM260215,Ayaan Sharma,Manager,99451
EM260216,Riya Das,Developer,75007
EM260217,Sanya Reddy,Engineer,74621
EM260218,Dhruv Brown,Engineer,79639
EM260219,Aarohi Rao,Engineer,71232
EM260220,Michael Iyer,Analyst,64072
EM260221,Ishaan Patel,Engineer,76837
EM260222,Isha Sharma,Junior Developer,57016
EM260223,Arjun Sharma,Analyst,76873
EM260224,Aditya Garcia,HR,71481
EM260225,Vivaan Malhotra,Senior Manager,119785
EM260226,Michael Garcia,Analyst,76019
EM260227,Ananya Kumar,Analyst,59417
EM260228,Shaurya Singh,Engineer,93470
EM260229,Emily Davis,Analyst,65766
EM260230,Daniel Shah,Engineer,70504
EM260231,Ishaan Smith,Analyst,68779
EM260232,Isha Miller,Intern,16490
EM260233,Kavya Agarwal,Engineer,92536
EM260234,Ayaan Malhotra,Intern,17549
EM260235,Laura Brown,Intern,18044
EM260236,Sanya Reddy,Analyst,74670
EM260237,Dhruv Johnson,Intern,18080
EM260238,Roshni Shah,Manager,89418
EM260239,Diya Gupta,Intern,19116
EM260240,Krishna Bansal,Intern,19159
EM260241,Vihaan Johnson,Developer,94988
EM260242,Ishaan Malhotra,Junior Developer,51753
EM260243,Kabir Sharma,HR,73010
EM260244,Atharv Iyer,Intern,15783
EM260245,Arjun Singh,Junior Developer,59538
EM260246,Khushi Sharma,Analyst,61193
EM260247,Shaurya Malhotra,Senior Manager,111306
EM260248,Krishna Malhotra,Manager,99923
EM260249,Kabir Das,Analyst,79721
EM260250,Jessica Miller,Junior Developer,51789
EM260251,Sanya Smith,Senior Manager,149690
EM260252,Krishna Brown,Junior Developer,56531
EM260253,Aarav Shah,HR,71137
EM260254,Swati Williams,Senior Manager,120673
EM260255,Chris Rao,Junior Developer,47654
EM260256,Swati Jain,Junior Developer,58026
EM260257,Vivaan Verma,Intern,23182
EM260258,Dhruv Nair,Engineer,67853
EM260259,Michael Bose,Senior Manager,149379
EM260260,Sai Agarwal,Engineer,71712
EM260261,Ishaan Gupta,Analyst,77224
EM260262,Laura Sharma,Manager,82052
EM260263,Sanya Verma,Senior Manager,142055
EM260264,Michael Bansal,Developer,99771
EM260265,Riya Miller,Analyst,64542
EM260266,Avni Shah,Developer,90785
EM260267,Isha Nair,Senior Manager,110614
EM260268,Jane Nair,Developer,97824
EM260269,Riya Das,Junior Developer,58678
EM260270,Roshni Sharma,Analyst,73677
EM260271,Vihaan Gupta,Manager,88248
EM260272,Sarah Jain,Senior Manager,101125
EM260273,Aarav Patel,Junior Developer,53500
EM260274,Sarah Brown,Analyst,75718
EM260275,Kavya Bose,Manager,107910
EM260276,Aanya Garcia,Manager,87203
EM260277,Jane Rao,Intern,24354
EM260278,Aarav Sharma,Developer,79998
EM260279,Riya Johnson,Intern,15008
EM260280,Sanya Johnson,HR,72114
EM260281,Swati Rao,Analyst,58758
EM260282,Kabir Malhotra,Intern,23913
EM260283,Swati Das,Developer,91240
EM260284,Riya Bose,Engineer,94612
EM260285,Atharv Reddy,Analyst,59843
EM260286,Roshni Williams,Developer,89004
EM260287,Michael Davis,Analyst,73533
EM260288,Aarohi Garcia,HR,55743
EM260289,Isha Bansal,HR,72827
EM260290,Dhruv Kumar,Junior Developer,56052
EM260291,Ritvik Malhotra,Developer,95433
EM260292,Jane Verma,Engineer,71588
EM260293,Ananya Malhotra,Analyst,77651
EM260294,Michael Miller,Senior Manager,120491
EM260295,Ayaan Patel,Junior Developer,57766
EM260296,David Patel,Intern,17550
EM260297,Neha Bansal,Engineer,92423
EM260298,Sanya Malhotra,HR,62811
EM260299,Reyansh Bose,HR,56406
EM260300,Ayaan Miller,Engineer,80942
EM260301,Ishaan Davis,Engineer,93395
EM260302,Emily Menon,Junior Developer,53013
EM260303,Khushi Iyer,Developer,72279
EM260304,Laura Patel,Developer,78218
EM260305,Arjun Bose,Senior Manager,117210
EM260306,Kabir Gupta,Manager,100388
EM260307,Daniel Rao,Senior Manager,146325
EM260308,John Sharma,Engineer,92460
EM260309,Vivaan Shah,Analyst,63295
EM260310,Sarah Patel,Engineer,89698
EM260311,Atharv Das,Junior Developer,46828
EM260312,John Gupta,HR,65825
EM260313,Khushi Singh,Developer,84187
EM260314,Avni Garcia,Manager,93491
EM260315,Aarohi Davis,Intern,23711
EM260316,Sanya Garcia,Senior Manager,120524
EM260317,Ishaan Menon,HR,70522
EM260318,Krishna Williams,Analyst,77109
EM260319,Shaurya Williams,Engineer,88242
EM260320,Neha Jain,Analyst,77869
EM260321,Kabir Shah,Developer,98078
EM260322,Ayaan Verma,Intern,24121
EM260323,Aarohi Shah,HR,50832
EM260324,Vivaan Agarwal,Intern,15575
EM260325,Sai Rao,Intern,15519
EM260326,Ishaan Kumar,Engineer,93724
EM260327,Dhruv Nair,Manager,92939
EM260328,Sneha Agarwal,Intern,24164
EM260329,John Williams,HR,57929
EM260330,Michael Shah,Junior Developer,47145
EM260331,Riya Bose,HR,70373
EM260332,Sneha Garcia,HR,60112
EM260333,Daniel Menon,Manager,102602
EM260334,Vihaan Jones,HR,53851
EM260335,Sneha Das,Manager,106535
EM260336,Laura Agarwal,Developer,87010
EM260337,Laura Das,Developer,86183
EM260338,Laura Verma,Engineer,75042
EM260339,David Verma,Engineer,92495
EM260340,Kabir Brown,Developer,92063
EM260341,Krishna Garcia,Junior Developer,54810
EM260342,Kavya Rao,Analyst,63846
EM260343,Isha Miller,Developer,76040
EM260344,Sarah Garcia,Senior Manager,129964
EM260345,Neha Bansal,HR,55924
EM260346,Aarav Malhotra,Engineer,73936
EM260347,Ritvik Patel,Junior Developer,55446
EM260348,Laura Verma,Manager,84250
EM260349,Isha Singh,Analyst,60512
EM260350,Riya Gupta,Junior Developer,50524
EM260351,Sneha Das,Senior Manager,129096
EM260352,Riya Johnson,Senior Manager,148518
EM260353,Diya Williams,Junior Developer,55281
EM260354,Aanya Kumar,Analyst,59862
EM260355,John Davis,Engineer,93516
EM260356,Jane Brown,Engineer,79255
EM260357,Jessica Jain,Engineer,83829
EM260358,Reyansh Davis,Intern,19750
EM260359,Diya Das,Senior Manager,109795
EM260360,Vihaan Malhotra,Manager,92971
EM260361,Aanya Williams,Junior Developer,52887
EM260362,Emily Reddy,Manager,92704
EM260363,Avni Smith,Analyst,78140
EM260364,Kavya Miller,Intern,19614
EM260365,John Gupta,Analyst,58838
EM260366,Aditya Jones,Developer,70239
EM260367,Jane Patel,Analyst,57602
EM260368,Laura Shah,Engineer,66489
EM260369,Ananya Patel,Developer,76596
EM260370,Daniel Bose,Senior Manager,138530
EM260371,Dhruv Reddy,HR,51254
EM260372,Avni Bose,HR,60814
EM260373,Vihaan Jones,Junior Developer,58338
EM260374,Ayaan Smith,Manager,81190
EM260375,John Sharma,Analyst,57502
EM260376,Jessica Jain,Junior Developer,50302
EM260377,Sanya Davis,Engineer,91137
EM260378,Riya Davis,Engineer,94751
EM260379,Krishna Kumar,Intern,20761
EM260380,Priya Jain,Intern,21039
EM260381,Emily Rao,Senior Manager,126674
EM260382,Krishna Iyer,HR,58646
EM260383,Krishna Rao,HR,53384
EM260384,Krishna Singh,Analyst,73846
EM260385,Sarah Bansal,HR,60586
EM260386,Roshni Reddy,Developer,79189
EM260387,Riya Williams,Engineer,82178
EM260388,Sneha Miller,Engineer,81592
EM260389,Isha Gupta,Engineer,81853
EM260390,Arjun Williams,Analyst,57181
EM260391,Isha Das,Analyst,67532
EM260392,Ishaan Patel,Junior Developer,50543
EM260393,Dhruv Kumar,Intern,23074
EM260394,Swati Iyer,Junior Developer,56077
EM260395,Jessica Nair,HR,54934
EM260396,Dhruv Smith,Intern,19453
EM260397,Atharv Verma,Junior Developer,58654
EM260398,Isha Smith,Analyst,70006
EM260399,Jessica Agarwal,Intern,18305
EM260400,Sai Patel,Intern,17424
EM260401,Michael Gupta,Developer,75187
EM260402,Roshni Smith,Junior Developer,58774
EM260403,Emily Bansal,Analyst,59987
EM260404,Swati Garcia,Junior Developer,54930
EM260405,Chris Verma,HR,50230
EM260406,Aanya Menon,HR,67494
EM260407,Dhruv Johnson,Senior Manager,120869
EM260408,Ananya Brown,HR,58587
EM260409,Ritvik Sharma,HR,51011
EM260410,Kavya Williams,Intern,20918
EM260411,Vihaan Brown,Junior Developer,46770
EM260412,Priya Davis,HR,51772
EM260413,Aanya Bose,Senior Manager,103023
EM260414,Khushi Johnson,Engineer,81232
EM260415,Sai Agarwal,Engineer,78374
EM260416,Khushi Williams,Manager,96131
EM260417,Vivaan Bansal,Intern,16189
EM260418,Michael Brown,Intern,22516
EM260419,Arjun Malhotra,Intern,21129
EM260420,Emily Bansal,Developer,76191
EM260421,Michael Brown,Intern,22594
EM260422,Riya Sharma,HR,57714
EM260423,Chris Shah,Junior Developer,46575
EM260424,Sarah Das,Manager,88135
EM260425,Krishna Miller,Engineer,83657
EM260426,Chris Das,Junior Developer,58661
EM260427,Dhruv Menon,Engineer,80717
EM260428,Ritvik Das,Analyst,78559
EM260429,Kavya Smith,Analyst,78881
EM260430,John Das,Manager,107583
EM260431,Jane Kumar,Analyst,75091
EM260432,Krishna Agarwal,Senior Manager,135074
EM260433,Khushi Nair,Engineer,85188
EM260434,Avni Agarwal,Analyst,67751
EM260435,Sarah Sharma,Engineer,76872
EM260436,Ritvik Singh,Senior Manager,119742
EM260437,Diya Malhotra,Intern,15828
EM260438,Khushi Reddy,Junior Developer,50334
EM260439,Michael Shah,Senior Manager,114454
EM260440,Sanya Iyer,Engineer,94872
EM260441,Arjun Nair,Engineer,85391
EM260442,John Gupta,Junior Developer,52079
EM260443,Ayaan Malhotra,Manager,89297
EM260444,Neha Davis,Analyst,70636
EM260445,Vihaan Shah,Developer,77307
EM260446,Arjun Das,Junior Developer,56013
EM260447,Daniel Bose,Junior Developer,50697
EM260448,Khushi Jones,Developer,86508
EM260449,Kavya Das,HR,74639
EM260450,Aditya Gupta,Analyst,73276
EM260451,Isha Sharma,Developer,94373
EM260452,Neha Nair,HR,58373
EM260453,Reyansh Miller,Intern,15497
EM260454,Vivaan Williams,Manager,107222
EM260455,Dhruv Das,Intern,20086
EM260456,Aanya Miller,Engineer,75000
EM260457,Ayaan Nair,Developer,90194
EM260458,Khushi Williams,Junior Developer,56850
EM260459,Aarav Patel,Engineer,79730
EM260460,Chris Garcia,Intern,21035
EM260461,Ritvik Sharma,Engineer,69479
EM260462,Arjun Malhotra,Developer,83435
EM260463,Shaurya Johnson,HR,65256
EM260464,Ishaan Agarwal,Engineer,78095
EM260465,Ishaan Johnson,Junior Developer,56404
EM260466,Ishaan Smith,Engineer,77889
EM260467,Aditya Verma,Senior Manager,103708
EM260468,Shaurya Smith,Engineer,87130
EM260469,Dhruv Smith,Engineer,81413
EM260470,John Iyer,Engineer,68685
EM260471,Dhruv Singh,Intern,17668
EM260472,Avni Bansal,Engineer,92166
EM260473,Shaurya Agarwal,HR,59711
EM260474,Ritvik Miller,Developer,70797
EM260475,Sai Verma,Manager,80179
EM260476,Sai Jones,Analyst,62187
EM260477,Dhruv Jain,Senior Manager,112748
EM260478,Ishaan Gupta,Senior Manager,128535
EM260479,Jessica Menon,Junior Developer,56664
EM260480,Avni Sharma,Intern,24879
EM260481,Sarah Verma,Engineer,70739
EM260482,Sanya Patel,HR,74513
EM260483,Reyansh Miller,Manager,105609
EM260484,Krishna Jain,Developer,94048
EM260485,Sai Shah,Manager,109792
EM260486,Ritvik Sharma,Junior Developer,57460
EM260487,Avni Rao,Developer,88051
EM260488,Isha Nair,HR,61907
EM260489,Ritvik Iyer,HR,59547
EM260490,Laura Kumar,HR,64672
EM260491,Aarav Sharma,Junior Developer,55101
EM260492,Krishna Johnson,Manager,98317
EM260493,Aarav Gupta,Intern,15809
EM260494,Sai Singh,HR,58736
EM260495,Roshni Menon,Junior Developer,45157
EM260496,Laura Das,Intern,16535
EM260497,Kavya Iyer,Junior Developer,50022
EM260498,Sarah Rao,Senior Manager,123877
EM260499,Diya Malhotra,Developer,95391
EM260500,Sai Miller,HR,63576
EM260501,Kavya Singh,Analyst,76651
EM260502,Sai Garcia,Manager,104035
EM260503,Kabir Nair,Developer,96093
EM260504,Michael Jain,HR,61856
EM260505,Jessica Garcia,Manager,103042
EM260506,Vihaan Menon,HR,60678
EM260507,Sarah Bansal,Analyst,72518
EM260508,Daniel Reddy,Engineer,73412
EM260509,Kabir Jain,Engineer,71462
EM260510,Priya Menon,Analyst,55183
EM260511,Sneha Smith,Manager,99549
EM260512,Aanya Williams,Manager,82485
EM260513,Priya Jones,Developer,84299
EM260514,Aarohi Menon,Analyst,68517
EM260515,Avni Verma,Engineer,70414
EM260516,Riya Bose,Senior Manager,142203
EM260517,Vihaan Miller,Senior Manager,147358
EM260518,Emily Rao,Analyst,62183
EM260519,Sanya Smith,Senior Manager,106060
EM260520,Neha Malhotra,Junior Developer,55248
EM260521,Diya Bose,HR,74918
EM260522,Atharv Verma,Engineer,67097
EM260523,Isha Nair,Intern,23666
EM260524,Shaurya Gupta,Intern,23996
EM260525,Arjun Brown,Analyst,78992
EM260526,Sai Patel,Senior Manager,143726
EM260527,Aarohi Miller,Developer,78794
EM260528,Isha Johnson,HR,71192
EM260529,Reyansh Kumar,Intern,21208
EM260530,Kavya Williams,Junior Developer,48360
EM260531,Reyansh Jain,Developer,99832
EM260532,Sarah Sharma,Analyst,59324
EM260533,Aditya Bansal,Analyst,71052
EM260534,Michael Gupta,HR,55122
EM260535,Neha Jain,Analyst,60179
EM260536,Ananya Garcia,Senior Manager,121055
EM260537,Laura Williams,Developer,74256
EM260538,Chris Kumar,Analyst,76904
EM260539,Diya Malhotra,Senior Manager,116816
EM260540,Ananya Sharma,Intern,16968
EM260541,Ishaan Brown,Engineer,75209
EM260542,Sneha Malhotra,Intern,24156
EM260543,Arjun Iyer,Developer,91688
EM260544,Sarah Garcia,Analyst,56647
EM260545,David Bose,Developer,75154
EM260546,Swati Malhotra,Intern,20620
EM260547,Shaurya Menon,HR,69687
EM260548,Reyansh Williams,Senior Manager,131773
EM260549,Daniel Patel,Intern,19844
EM260550,Sai Singh,Manager,81374
EM260551,Vivaan Iyer,Intern,22925
EM260552,Laura Brown,Developer,95566
EM260553,Ananya Gupta,Senior Manager,101377
EM260554,Aanya Verma,Junior Developer,56238
EM260555,Diya Garcia,Manager,99535
EM260556,Roshni Gupta,Manager,100297
EM260557,Diya Shah,Manager,91706
EM260558,Ritvik Singh,Junior Developer,46646
EM260559,Ayaan Jain,Junior Developer,47482
EM260560,Dhruv Davis,Analyst,61711
EM260561,Dhruv Garcia,Analyst,72553
EM260562,Kavya Bansal,Developer,74024
EM260563,Krishna Bose,Engineer,93230
EM260564,Sneha Singh,HR,59542
EM260565,Vivaan Iyer,Engineer,72837
EM260566,Ishaan Davis,Analyst,64293
EM260567,Emily Kumar,Analyst,75080
EM260568,Krishna Shah,Senior Manager,149368
EM260569,Reyansh Brown,Manager,80518
EM260570,Ananya Johnson,Intern,18009
EM260571,Ayaan Singh,Intern,21377
EM260572,Neha Jain,Manager,106220
EM260573,Michael Bose,Analyst,68561
EM260574,Priya Garcia,Junior Developer,49654
EM260575,Jessica Malhotra,HR,56660
EM260576,Aanya Agarwal,Senior Manager,122823
EM260577,Swati Singh,Engineer,87953
EM260578,Diya Kumar,HR,73595
EM260579,Vivaan Gupta,Analyst,61656
EM260580,Roshni Iyer,Developer,74081
EM260581,Isha Williams,Developer,77434
EM260582,Chris Bansal,Manager,100504
EM260583,Khushi Sharma,Developer,80873
EM260584,Laura Bansal,Analyst,71702
EM260585,Sanya Patel,Manager,105171
EM260586,Jessica Miller,HR,53647
EM260587,Isha Agarwal,Senior Manager,138050
EM260588,Aanya Garcia,Analyst,60739
EM260589,John Jones,Junior Developer,48548
EM260590,Kavya Garcia,Intern,24351
EM260591,Aarohi Bose,HR,54680
EM260592,Jane Garcia,Junior Developer,53145
EM260593,Isha Malhotra,Engineer,73341
EM260594,Isha Davis,Senior Manager,131999
EM260595,Vivaan Brown,Junior Developer,56629
EM260596,Vihaan Williams,HR,63769
EM260597,Diya Jones,Junior Developer,52771
EM260598,Avni Verma,Junior Developer,58459
EM260599,Sai Singh,Manager,89005
EM260600,Aanya Bansal,Senior Manager,131748
EM260601,Roshni Jain,Engineer,88579
EM260602,Aanya Smith,Intern,23212
EM260603,Avni Smith,Analyst,60626
EM260604,Michael Das,HR,56712
EM260605,Riya Rao,Junior Developer,58703
EM260606,Riya Kumar,Analyst,58313
EM260607,Avni Iyer,Developer,77393
EM260608,David Williams,Junior Developer,51796
EM260609,Krishna Brown,Manager,103653
EM260610,Ayaan Das,Manager,97810
EM260611,Vivaan Patel,HR,69874
EM260612,Roshni Jain,Manager,100364
EM260613,Jane Johnson,Junior Developer,57188
EM260614,Atharv Patel,HR,53489
EM260615,Michael Jain,Junior Developer,56900
EM260616,Krishna Miller,HR,62973
EM260617,Michael Menon,Developer,87475
EM260618,Sneha Iyer,Analyst,69071
EM260619,Swati Iyer,Junior Developer,53081
EM260620,Roshni Brown,Manager,90449
EM260621,Emily Gupta,Intern,20421
EM260622,Krishna Brown,Engineer,70061
EM260623,Priya Singh,Intern,22372
EM260624,Kavya Bose,Intern,21624
EM260625,Ritvik Davis,HR,57058
EM260626,Aditya Shah,Engineer,83602
EM260627,Diya Singh,Engineer,76975
EM260628,Vivaan Iyer,Analyst,60590
EM260629,Roshni Agarwal,Developer,94421
EM260630,Isha Malhotra,Intern,16502
EM260631,Ayaan Sharma,Manager,88670
EM260632,Krishna Shah,Engineer,67298
EM260633,John Shah,Junior Developer,50286
EM260634,Jessica Singh,Manager,81056
EM260635,Aditya Patel,Senior Manager,137896
EM260636,Ananya Nair,Senior Manager,105476
EM260637,Ishaan Sharma,Manager,109004
EM260638,Laura Verma,Analyst,75305
EM260639,Kabir Miller,Developer,74693
EM260640,Ritvik Verma,Developer,70063
EM260641,Arjun Verma,Junior Developer,51210
EM260642,Emily Miller,Engineer,71089
EM260643,Sneha Patel,Analyst,68464
EM260644,John Garcia,Developer,77180
EM260645,Emily Reddy,Junior Developer,56120
EM260646,Avni Menon,Analyst,78802
EM260647,Roshni Reddy,Manager,88423
EM260648,Aanya Menon,Analyst,69102
EM260649,Kavya Rao,Intern,15053
EM260650,Riya Williams,Intern,16094
EM260651,Sanya Rao,Analyst,63257
EM260652,Kavya Rao,Analyst,60727
EM260653,Aarav Brown,Junior Developer,58796
EM260654,Neha Brown,HR,73320
EM260655,Shaurya Nair,Junior Developer,57744
EM260656,Laura Menon,Manager,81272
EM260657,Ayaan Verma,Senior Manager,131191
EM260658,Emily Brown,HR,56097
EM260659,Jessica Miller,Junior Developer,50278
EM260660,John Smith,Analyst,76523
EM260661,Reyansh Sharma,Developer,90521
EM260662,Vihaan Shah,Junior Developer,49339
EM260663,Vivaan Gupta,Senior Manager,102210
EM260664,Sai Bansal,Junior Developer,55712
EM260665,Sneha Garcia,Junior Developer,45716
EM260666,Aanya Jones,Analyst,76964
EM260667,Michael Bose,Intern,23672
EM260668,Diya Garcia,Analyst,73960
EM260669,Aarohi Shah,Junior Developer,56865
EM260670,Sai Garcia,HR,60324
EM260671,Isha Garcia,Senior Manager,101157
EM260672,Ananya Sharma,Intern,22223
EM260673,Jessica Jones,Developer,73540
EM260674,Dhruv Bansal,Junior Developer,56311
EM260675,Vivaan Reddy,Developer,80598
EM260676,Michael Sharma,Junior Developer,52898
EM260677,Kabir Gupta,Intern,15151
EM260678,Jessica Sharma,Senior Manager,145194
EM260679,Shaurya Sharma,Engineer,75668
EM260680,Kabir Menon,Senior Manager,122397
EM260681,Swati Nair,Developer,80780
EM260682,Aditya Gupta,Senior Manager,135880
EM260683,Diya Rao,HR,58947
EM260684,Swati Menon,Manager,82686
EM260685,David Malhotra,Intern,23803
EM260686,Neha Agarwal,HR,53091
EM260687,Dhruv Jones,Analyst,60150
EM260688,Riya Brown,Developer,96707
EM260689,Ishaan Jones,Senior Manager,101848
EM260690,Khushi Patel,Engineer,93813
EM260691,Priya Kumar,Manager,84238
EM260692,Avni Agarwal,Intern,18348
EM260693,Kavya Bose,Junior Developer,45980
EM260694,Riya Shah,Junior Developer,58296
EM260695,Dhruv Singh,Junior Developer,49362
EM260696,Riya Singh,Intern,21004
EM260697,Jane Sharma,Intern,24351
EM260698,Sarah Malhotra,Senior Manager,109094
EM260699,Riya Jones,Junior Developer,55077
EM260700,Shaurya Menon,Analyst,79100
EM260701,Aarohi Kumar,Engineer,82782
EM260702,Laura Miller,Manager,86577
EM260703,Avni Menon,Engineer,87744
EM260704,Aditya Brown,Engineer,69039
EM260705,Kavya Nair,Developer,96023
EM260706,Swati Bansal,HR,69586
EM260707,David Miller,Developer,70144
EM260708,Roshni Smith,Developer,99285
EM260709,Aditya Patel,Analyst,58049
EM260710,Ritvik Singh,Manager,81941
EM260711,Jane Patel,Analyst,79090
EM260712,Priya Kumar,Intern,24516
EM260713,Sneha Reddy,Senior Manager,136220
EM260714,Jessica Jain,Senior Manager,116078
EM260715,Arjun Das,Junior Developer,54992
EM260716,Riya Williams,Senior Manager,115633
EM260717,Atharv Jones,Manager,80024
EM260718,Sanya Shah,Intern,22311
EM260719,Michael Verma,Developer,86610
EM260720,Vihaan Bose,HR,66532
EM260721,Vivaan Nair,HR,67129
EM260722,Chris Agarwal,HR,74761
EM260723,Avni Jones,Engineer,77596
EM260724,Roshni Singh,Analyst,77453
EM260725,Ishaan Smith,Analyst,66573
EM260726,David Shah,HR,72821
EM260727,David Patel,Engineer,65870
EM260728,Sanya Shah,HR,65124
EM260729,Aarav Gupta,Intern,16683
EM260730,Sai Garcia,Intern,20759
EM260731,Khushi Iyer,Intern,16590
EM260732,Khushi Jones,HR,55365
EM260733,Kavya Nair,Developer,97770
EM260734,Aarav Garcia,Developer,82863
EM260735,Ananya Malhotra,Analyst,76847
EM260736,Reyansh Nair,Analyst,77945
EM260737,Dhruv Brown,Manager,89028
EM260738,Isha Gupta,Analyst,67924
EM260739,Reyansh Smith,Senior Manager,136814
EM260740,Roshni Das,Analyst,63792
EM260741,Aditya Miller,Manager,97945
EM260742,John Bansal,Intern,19628
EM260743,Ritvik Smith,Engineer,82150
EM260744,Sanya Rao,Intern,21421
EM260745,Neha Das,Junior Developer,50680
EM260746,Daniel Agarwal,Junior Developer,53705
EM260747,Roshni Jones,Analyst,61141
EM260748,Michael Kumar,Manager,104495
EM260749,Aarav Williams,Senior Manager,104436
EM260750,Aanya Garcia,Junior Developer,58901
EM260751,Reyansh Bansal,Senior Manager,130285
EM260752,Roshni Nair,Analyst,69802
EM260753,Diya Miller,Junior Developer,47418
EM260754,Aarav Smith,Senior Manager,132567
EM260755,Ishaan Kumar,Engineer,92705
EM260756,Aarohi Menon,Analyst,74577
EM260757,Shaurya Brown,Developer,90633
EM260758,Swati Garcia,HR,56663
EM260759,Laura Garcia,Junior Developer,51997
EM260760,Sai Iyer,Junior Developer,54798
EM260761,Roshni Rao,HR,70197
EM260762,Michael Bose,Intern,23543
EM260763,Shaurya Kumar,Junior Developer,58866
EM260764,John Williams,HR,54302
EM260765,Sneha Bansal,Intern,16177
EM260766,Atharv Gupta,Analyst,67760
EM260767,Laura Smith,Junior Developer,53374
EM260768,Shaurya Patel,Engineer,80806
EM260769,Jane Shah,Analyst,64919
EM260770,Reyansh Garcia,Intern,20196
EM260771,Ayaan Jain,Senior Manager,136201
EM260772,Sai Rao,Analyst,69646
EM260773,Ananya Singh,Manager,86796
EM260774,Daniel Brown,Senior Manager,135425
EM260775,Michael Kumar,Developer,73384
EM260776,Kabir Shah,Junior Developer,46392
EM260777,Ananya Jain,Developer,86491
EM260778,Riya Nair,HR,63361
EM260779,Jessica Rao,Intern,20621
EM260780,Neha Bansal,HR,71579
EM260781,Jane Brown,Senior Manager,108620
EM260782,Sneha Verma,HR,73121
EM260783,Atharv Rao,HR,71762
EM260784,Swati Reddy,Intern,19105
EM260785,Vihaan Kumar,Engineer,75129
EM260786,Atharv Nair,Analyst,70603
EM260787,David Kumar,Senior Manager,133084
EM260788,Aarohi Nair,HR,52886
EM260789,Swati Malhotra,Developer,91193
EM260790,Shaurya Williams,Junior Developer,59594
EM260791,Ayaan Menon,Analyst,76128
EM260792,Daniel Jones,Intern,21846
EM260793,Atharv Das,Analyst,66470
EM260794,Ananya Jones,Engineer,67772
EM260795,Sai Rao,Intern,19561
EM260796,Laura Miller,Engineer,73752
EM260797,John Jones,HR,67651
EM260798,Jessica Garcia,Senior Manager,134589
EM260799,Aanya Smith,Senior Manager,124278
EM260800,Aarav Davis,Junior Developer,47111
EM260801,Arjun Shah,Intern,21120
EM260802,Diya Shah,Junior Developer,48654
EM260803,Kabir Reddy,Intern,15142
EM260804,Jane Verma,Intern,16143
EM260805,Jessica Jain,Engineer,88055
EM260806,David Jain,Intern,19025
EM260807,Sneha Menon,Junior Developer,47430
EM260808,Roshni Singh,Developer,93801
EM260809,Jane Smith,Senior Manager,116024
EM260810,Aditya Menon,Developer,79043
EM260811,Diya Jain,HR,53459
EM260812,Daniel Shah,Manager,108124
EM260813,Sanya Williams,Intern,24772
EM260814,Daniel Bansal,Engineer,91287
EM260815,Reyansh Gupta,Intern,21675
EM260816,Arjun Brown,HR,64180
EM260817,Avni Das,Manager,85643
EM260818,Priya Garcia,Junior Developer,53574
EM260819,Swati Malhotra,HR,67426
EM260820,Neha Kumar,Junior Developer,52633
EM260821,Michael Iyer,Junior Developer,45104
EM260822,Isha Patel,Senior Manager,147922
EM260823,Chris Jones,Intern,18598
EM260824,Aarav Smith,Developer,81974
EM260825,Jane Miller,Developer,84610
EM260826,Jane Brown,Senior Manager,109846
EM260827,Avni Jain,Intern,17123
EM260828,Ananya Brown,Developer,83004
EM260829,Isha Iyer,Junior Developer,48615
EM260830,Dhruv Bose,Engineer,71482
EM260831,Kavya Smith,Junior Developer,47393
EM260832,John Agarwal,Senior Manager,122963
EM260833,Aditya Menon,Intern,17669
EM260834,Vivaan Kumar,Senior Manager,144059
EM260835,Neha Johnson,Engineer,71813
EM260836,Krishna Smith,Intern,17665
EM260837,Ritvik Jain,Senior Manager,114770
EM260838,Avni Nair,HR,74457
EM260839,Reyansh Malhotra,Engineer,77740
EM260840,Vivaan Verma,Senior Manager,141220
EM260841,Emily Smith,Intern,21555
EM260842,Kavya Shah,Engineer,86571
EM260843,Michael Miller,Intern,21956
EM260844,Sneha Gupta,Manager,80428
EM260845,Chris Brown,Engineer,85971
EM260846,Riya Malhotra,Intern,17620
EM260847,Ayaan Brown,Senior Manager,134254
EM260848,Isha Bose,Manager,83063
EM260849,Ananya Jones,HR,57749
EM260850,Jessica Jain,Engineer,87406
EM260851,Sneha Bansal,Engineer,65018
EM260852,Ishaan Agarwal,Junior Developer,51584
EM260853,Neha Jain,Junior Developer,45433
EM260854,Khushi Agarwal,Intern,15257
EM260855,Dhruv Garcia,Senior Manager,119247
EM260856,Shaurya Johnson,Manager,86441
EM260857,Neha Johnson,Junior Developer,56697
EM260858,Arjun Bose,Engineer,76023
EM260859,Aditya Nair,Developer,95706
EM260860,Laura Malhotra,Engineer,86477
EM260861,Ayaan Singh,Manager,108083
EM260862,Aditya Rao,Manager,101763
EM260863,Shaurya Miller,Engineer,82167
EM260864,John Davis,Analyst,57892
EM260865,Ritvik Patel,Developer,93029
EM260866,Jessica Singh,Manager,98023
EM260867,David Garcia,Developer,92679
EM260868,Aarav Menon,Developer,74779
EM260869,Priya Patel,Developer,78147
EM260870,Krishna Rao,HR,70862
EM260871,Ishaan Miller,Intern,23155
EM260872,Kabir Kumar,Senior Manager,128507
EM260873,Jane Shah,Intern,16555
EM260874,Ayaan Patel,Manager,101449
EM260875,Daniel Bose,Manager,91600
EM260876,Avni Reddy,Manager,94137
EM260877,Arjun Smith,Intern,22688
EM260878,Ritvik Das,Junior Developer,47098
EM260879,Michael Jain,Developer,70268
EM260880,Kavya Reddy,Engineer,77618
EM260881,Atharv Rao,Developer,70935
EM260882,Sneha Iyer,Developer,79875
EM260883,Emily Verma,Analyst,62716
EM260884,Isha Gupta,Developer,98210
EM260885,Aanya Gupta,HR,52293
EM260886,Aditya Jones,Intern,19269
EM260887,Atharv Bose,HR,57061
EM260888,Swati Das,Engineer,66815
EM260889,Avni Verma,Senior Manager,147781
EM260890,David Reddy,Manager,91312
EM260891,Khushi Williams,Intern,17422
EM260892,Aditya Garcia,Analyst,68832
EM260893,Atharv Brown,HR,61346
EM260894,Atharv Williams,Intern,24534
EM260895,Emily Brown,Developer,79269
EM260896,Krishna Shah,Analyst,64280
EM260897,Isha Malhotra,Developer,75150
EM260898,Priya Menon,Senior Manager,138474
EM260899,Kabir Rao,Analyst,65671
EM260900,Sai Johnson,Developer,80590
EM260901,Aanya Gupta,HR,59057
EM260902,Sai Gupta,Junior Developer,58365
EM260903,Kabir Patel,Engineer,72404
EM260904,Khushi Miller,Intern,18863
EM260905,Ayaan Bansal,Intern,22108
EM260906,Ananya Jones,Intern,19529
EM260907,Vihaan Kumar,HR,72407
EM260908,Jessica Bansal,Manager,87220
EM260909,Jessica Miller,Intern,23148
EM260910,Emily Miller,HR,64650
EM260911,Reyansh Menon,Developer,97673
EM260912,John Menon,Developer,71445
EM260913,Vivaan Williams,Developer,74014
EM260914,Dhruv Kumar,Manager,99752
EM260915,Sneha Kumar,Analyst,58575
EM260916,Ritvik Reddy,Intern,22903
EM260917,Sneha Agarwal,HR,61917
EM260918,Krishna Bose,Senior Manager,103125
EM260919,Diya Rao,Junior Developer,57891
EM260920,Riya Jones,HR,58985
EM260921,Sarah Menon,Analyst,60834
EM260922,Aditya Singh,HR,55801
EM260923,Kabir Rao,Analyst,74947
EM260924,Khushi Verma,HR,57848
EM260925,Atharv Iyer,Engineer,94472
EM260926,Aanya Bansal,HR,55235
EM260927,Vivaan Patel,Junior Developer,54163
EM260928,Sanya Sharma,Intern,21463
EM260929,Priya Sharma,Engineer,76433
EM260930,Shaurya Rao,Developer,71514
EM260931,Sanya Singh,Developer,75314
EM260932,Ritvik Bansal,Analyst,74911
EM260933,Roshni Kumar,Manager,101314
EM260934,Michael Smith,Junior Developer,48053
EM260935,Reyansh Singh,Analyst,75658
EM260936,Isha Agarwal,Engineer,94239
EM260937,Reyansh Iyer,Engineer,90428
EM260938,Chris Iyer,Manager,96535
EM260939,Jessica Miller,Developer,79848
EM260940,Krishna Miller,Analyst,61716
EM260941,Reyansh Johnson,Junior Developer,55197
EM260942,Khushi Agarwal,Intern,22745
EM260943,Laura Gupta,Developer,92963
EM260944,Kavya Menon,Analyst,58020
EM260945,Riya Kumar,HR,70650
EM260946,Diya Reddy,Intern,18169
EM260947,Ishaan Menon,Junior Developer,57320
EM260948,Jane Agarwal,Junior Developer,53482
EM260949,Laura Smith,Senior Manager,135031
EM260950,Avni Iyer,HR,73226
EM260951,Atharv Brown,Analyst,73289
EM260952,Atharv Gupta,Analyst,65933
EM260953,Atharv Garcia,Manager,81363
EM260954,Sneha Das,Analyst,58487
EM260955,Ayaan Sharma,Junior Developer,47966
EM260956,Sanya Malhotra,Junior Developer,47616
EM260957,Jessica Kumar,Analyst,56178
EM260958,Jane Bansal,Senior Manager,111772
EM260959,Kavya Gupta,Developer,80940
EM260960,Dhruv Reddy,Junior Developer,52009
EM260961,Sarah Rao,Senior Manager,143585
EM260962,Aarohi Shah,Intern,18783
EM260963,Avni Johnson,Junior Developer,54400
EM260964,Diya Smith,Junior Developer,56297
EM260965,Ananya Gupta,Junior Developer,47939
EM260966,Jessica Jain,Analyst,79846
EM260967,Diya Jones,Junior Developer,47677
EM260968,Vihaan Singh,Analyst,71429
EM260969,Roshni Verma,HR,68560
EM260970,Vihaan Bose,Intern,23976
EM260971,Kabir Singh,Senior Manager,130357
EM260972,Isha Garcia,Engineer,73975
EM260973,Isha Singh,HR,70626
EM260974,Sai Davis,Intern,16247
EM260975,Jane Williams,Senior Manager,116986
EM260976,Krishna Brown,Developer,73679
EM260977,Sai Shah,Developer,96007
EM260978,Vihaan Davis,Manager,98107
EM260979,Ritvik Jain,Junior Developer,51044
EM260980,Vivaan Das,Manager,96344
EM260981,Isha Gupta,Senior Manager,100741
EM260982,Roshni Williams,Senior Manager,133794
EM260983,Aditya Bansal,Manager,83129
EM260984,Arjun Garcia,Senior Manager,137751
EM260985,Shaurya Patel,Junior Developer,54674
EM260986,John Sharma,HR,56824
EM260987,Jessica Singh,Developer,78786
EM260988,Jane Menon,Engineer,65917
EM260989,David Johnson,Developer,78738
EM260990,David Menon,Intern,24533
EM260991,Krishna Shah,Senior Manager,100348
EM260992,Aditya Gupta,Intern,22006
EM260993,Michael Das,Developer,87403
EM260994,Emily Smith,Developer,99908
EM260995,Swati Kumar,Intern,22471
EM260996,David Johnson,HR,50635
EM260997,Neha Brown,Engineer,90421
EM260998,Avni Davis,Manager,84280
EM260999,Emily Verma,Senior Manager,102159
EM261000,Reyansh Jones,Intern,20585
